{"_runtime": 16398.113751124, "_step": 1020, "rpn/num_pos_anchors": 7.25, "global_step": 1199, "_timestamp": 1732962891.5408313, "rpn/num_neg_anchors": 248.75, "roi_head/num_fg_samples": 40, "roi_head/num_bg_samples": 472, "fast_rcnn/cls_accuracy": 0.96777344, "fast_rcnn/fg_cls_accuracy": 0.8217351, "fast_rcnn/false_negative": 0.17826493, "rank_data_time": 0.0050635077, "data_time": 0.0050635077, "total_loss": 0.25097412, "loss_cls": 0.075525366, "loss_box_reg": 0.1489335, "loss_rpn_cls": 0.0139371175, "loss_rpn_loc": 0.0064822235, "lr": 0.00025, "time": 13.260296, "eta_seconds": 0}